IDON,target_gene,left_primer,right_primer,IR_sequence,IR_length,orientation,verification,CAN_repeats,Number_ON_target_genes,ON_target_19mers,OFF_target_19mers,Number_OFF_target_genes,Number_of_transgenic_lines
IDON_0001,white,ATGCAGCAATCGAACTTCACTAAC,CGTACCCGAACGGCCCTTAGCGGT,ATATCCTATAGTGCAGGTACTAGGGTTAACTACTGTGTCGGCCCCGGCCGTCCGCTGGTTAGCTATTAACTAGTCACCGCTGGTAAGAATCCTAGTAGACAAATTCCTTAACTTGAAGGTAGGACTCGGGTCACTGATGAAGAGTGCACCATCGATGACCAACAGCAGGGGGCAGTTCAGGTTAAACCTTTTAAACCGCTTGTGGAATGTCGATCCACTGCCCGGGACAGCTTGATTAGAGGGGGTTAGAACAGTCGCTTATACTCTCCCACTTTGGAACACAGATATCGGCTTCGTGTGTTCTCAGGGTTACAGCGTGCTACGAACCCTTGGGATTCGTTCACGGGGACCGACGTGATGACTTGGATCGTATTATAGTCGCTGCTGTAGCCCCATCGTG,298,reverse,no,1,1,14,16,8,0
IDON_0002,yellow,ATGCCGGCGCTCTACAGGAGATTA,CGTATCGGCCTGCTTTGTTTAATC,GATTGAAGCCGCAAAACGACAGCCAACGTAGAGATCACGCGTAATGGACCTGTAAGCATCTCTTGGGGTTAATTAGACACTAACTTTCTCAATAACAGAATCCGCGCCCTAAAATTTAGTGATTGGTAGCGTATTTAAGTACTCGTTCTATGCGCGATCAACAGTAACTCAAAGCCCGTGAATGACAAATAGTTCGGTGAAATCTGCGCAAGGAAAGCCGTCGGGACGATAACGGTTACATTTCCCATCGGTATTGATCGGGGATTTTCGATCTTTGTAAGCCAGCCATGCCCGGCGTATTTGACTGGCTGTTGGGGATCCTTGGATTTGCAATCGCACAGCACCTGTAACGTTAGGAGTAAATGTGCGGCAGCTGACCCGCATAATTTAAATCATCGAG,339,forward,yes,3,1,1,22,3,3
IDON_0003,Notch,ATGCGAAATTATCGGAGTAGTAAA,CGTATTACAGGATTGCTTTATGCG,TCCTTTAGATTGGATAGAAAGATACTGGCTTTACAGCCGTCTGCCAACATATTCGAGGCCCACCGTGGAGGTAAAGGAATATACGGGTGCAGGTGCATTTACGTCTGTGGAATCTCCAGTCGCATCGCATGAAGGATGCTGGACCCGATTTACAAAGACCGGTCTTAAAAGATCACAGGGAGTGATTGTCGCCCACCACGTTAGAGCGACAATCTGGAACCTTTCTATTTGGCAGAAAGGCACTTCCGAAAGACCGCGGGTACAAACCTACACCCCAAGCTTGGATTGTCTGCGATAAACCTATACCATGTCGTAATCGGTTCGACGATGGTGGGCCCGACTGGAAAGGAGTCAAGTCTCCCGTTCCACCTTCGGCAGAAGGTATCGGCTGACGATGGAA,355,reverse,no,2,1,16,45,3,1
IDON_0004,Delta,ATGCTCGAGGTATGTTCTGTACCC,CGTACGAGGTGGATTGGTGGGGGC,ACGCGGGACTCCACAGCGATTATTGTGATGACCGTGCTCGCGGCCAGATCTAAGGTAGGGACTCTGGGGTCCCAGCGCGGATATCCCCTCGAAATCTACTATGCCTGACTCCCAGTCACTATGCAAAGTTCCGCACTCCCGACTGTGTTCGACCCGGCACCGAAAAGACTCCTCCGGTACGGAAAACTTTGCATCCGTCACCTACGGGAGAAAATGTTTAACTCTGTAAAGACCGGATGTCTTGCTCTTGCGTCCCTGCGGCTAGAACAGTAGATACGACCTCTTTATAAATTGACCAGACATAGGTCTTAACCATCACAACATACACGAGGGAACGACATGTGGCGAGACGTAACTCGCATCGTTGTTAGTTCGATGTTTAGTCGATACAAACCGCTTA,499,forward,no,1,1,19,43,3,7
IDON_0005,wingless,ATGCCAGAATTGTTTCATCGCCCC,CGTACACGGAGTTGGAGCTCTAAC,GACAATTCACTTAATAAAGTGTACTCTATCCCTTGTACAATGCGTCAAACTTACGTGGAGATATAGCCACTGCAATACATTACCCTATCTAGATAGGGGGCGTTAGATATCATGTGGGGAGTGAGGTTCTGAAATGAGCCGCGCGCTGCCAGAGAGAGATGCAGAAGACCTCCGGTTCACTGTCGGAGTTAAACCATATCGAGTCTCTAGCGAGCCGTAAACACCACTTCATATGGTCCAGTTACGTGAGTCCGATCGGGTCGGATGAAGTCTCTTTCAAATGTGGAGACTCGGTTCCGACTTGCCATTATGCAGCAAATTCTATTTATTAGCGCGCTCTCCAATAGCCGGGCGACTGGTCATGAACCTATAGTAACGAAATACCGTGGATGTGATACTT,395,reverse,yes,4,1,8,29,8,5
IDON_0006,hedgehog,ATGCGTCTTTTTGCTTATCCGGCG,CGTACCGCATGGAGACGTATTGCC,ATCGTACGGGGATTTGCATGGTGAGCCGCAAACTGGCGATGACGCTGCTCTATCTTAATTTCGGTTCTGAAACCGCTGGGCCTGAGCTCCGTCACCCCGTACCTGTCGTGCTTAATGCCGTTTGCTTCTTTTCATGGCCGGTATCCTCCGAACTATAGATTTTCGTCTGGGGGTACGTGAGTGATGAACTAGGTAGGTGAAGTGGGAAGTTCGCGACCTGAGCCTTAATCAGACACGACCATGCCTGAGACCCGGCGGAAAACGAGCAAACGCTACAGTGCTTCAGTCGAGCCTGCTGGGGTAGATGTTTCAGAGCAAATTAACACGTGTGCTTCTCCTCAAACCCACTCAGAGTCCGGTACCTGTAGACACAAGTTCAGCGAAGTTGCTACACGCGTGT,483,forward,no,4,1,10,38,4,3
IDON_0007,engrailed,ATGCTTCAACCAACAGATAGACGT,CGTATTTTGGGTCGACACTGTGAA,ACCTTGTTGCCGGAATCCTAATTGCGCTCTTTTAAGGTCTAGCGGCCCGAGTAATCTGCTAACCTAGCAGCTATTCCCGATGTATATCGAGACTAAAGGACCGCCGCAAAAATGTTGCTCTAGAGGTATGTCGCCGCGCTTGCAGATGCTTACTTAGCAGGAATTTTCGACTATGCATGTGCTCGTTTTGACAGACTCCATTGCAAAAGAGCGTTTGTTTTGAAACACAACAATCTCGGTGGGAATTGATTGATAGCATCCTTAACAGCCAGCCTTGGTCGTACAGTGTAGAACGGTCTTGGCACGTTGACAAGTGGACGGGAGAACTTGAGAGCGTACAGAGTTTCTGGCGAGCGAGACTATTTGGAAGGTCTGCAAGTCCCTGACCGGACTGATAGGC,345,forward,yes,0,1,18,14,3,7
IDON_0008,Act5C,ATGCAATGTACCGTAATTTGATGA,CGTACTCCGACGTAAGGATATGGC,GCCAATGGGTTATTTCGCCTTTTCTACCACCTAACGGGAATAGATAACGAGGGGCTGCGCCCCGCCGTCGACGCATCCCGGGAGGATCGAACTTCCCAACTCGGTGGGGGTCGACGTTAGCTTGGTGCACAGGAAGGTACTATGCTAGGAACTATTGATAAACGGACGTGCTTAGCATGGTTCCCATTGTGTCTAGATTCCCTCGGGATATCCTTTCCTCTAACAGCAGCCGGCTCACCCCCAAACTGGAAGAAGTAGTCCCGTCTTCCACAAGTATACTAGGCCAAGAGCGAAGCAACCACTTTGGACTATCTGTGAGCCTTGGAGGAATTCTTGGCCTCCGCGAGTGTGATTAAGCGGCTCGCCAGGGCGGCCGTAGATATGAAAGCAAACCCTCAAA,316,forward,no,3,1,12,23,6,5
IDON_0009,tub,ATGCTTCCGCGTTGTCTCGGCATA,CGTATCACAGCACGTAAGGTGGGT,GCATTGCAGCAGGCGTAGTATCTGTCGCCATCAAGTAATGTCTCGGTGCCTTACATACAAGTGAGTGGGGGCAGCCGGTACTGAACTCACGTAGGAGAATGCAGGGAATCATTAAAATGGGGCGGAGGCCTGAATTATTATTGGCTCAGTATAGAGTAACGTTGTGCGAAAACTGCCGCCGATCGAGACCAATCAATACTGTTCGGACTACCTTGGCGAGAAGCTCGTCATACAGACCACAAGCTGGAGAGTTGCAATACTATCGAATCTTAACGGTCCCCTCCCAACATCGATAGTAGCGACGGCGCGATGCCGAATTTAGACCGCAAGCATGCTCCAAGACACGCAGTATTTCGGGGCTGGGGTACCCGGTACGCTGTTAGGTCGCGTCTATGACCCA,693,forward,yes,2,1,3,33,8,5
IDON_0010,Rpl32,ATGCAGCGATTTGTCGTACCGGGC,CGTACGACTCCTAACGAAATCTTT,GACCATCCGGAGGCAAAAATGGCGGGGACTGAAAGCGTTGTAACATCAGCACTGATAAGGAAGACTGTTGATAATGCGAGCTACTGGGGGGTGGGTCAAAAGTAGGTGTAATCATAGGTCATATATCCCGTCGGCGTTCTACTGGAAACCACCAAAGACCTCGCGTCAGACCGAATTAACGGTTAGGGCTCTTGCATGACTGTCGGCTGGCGAAAGACAATACGAGGAACGCTAGGAAGCTAATTGCCACATAAGGTCAGCCCAGTTCCCAGCTCGCGCTACACTTGCGGTCCCGGTACATCTCGCAAAACGCATGTAACGCTAGTGCAACATCAATCATATACCTCGAATATGTAGTCGTTTAGTAATGACTCGGGGAGCGTCGGGCTTGCTCGCGACT,223,forward,yes,1,1,6,19,4,7
IDON_0011,even-skipped,ATGCAAAATAAGTAAACCGAAACA,CGTATTAATCTAAGGTCACCGCGC,CCGCGACCCCCTGGTGTCCGACCGTATTCATAGGGACAGATGTCGATGACCCCCCAGCGTCAAGTAAAATAGTGTGGGTGCCTCTAGAATAAGCTTTAGATAAACATTCTCCCTTATAAATACTGGACACTCGCCTGGCAAACACCGCCACAGTCTTCTCAAGTCGCCTTGGGCTTAGGATCTCCGGCTAGGGAAGTACCATACCAGCTCGCGTTGCTCTGACAGATCAATGGCAACAGGCAAGCTGATCTGCAACAATGAGCGACTTATCACGTGGTCTCCGTCTAGGTGTGGGATGGTGGGACAGTGGTTGGTAGGCCTGTAACACCCTTGCAAACCCAGTCGACATACATATGATGGTCGGTCAAGACGCTTTAGCATGATCGCCGCACTACTATGT,388,forward,yes,0,3,18,46,4,6
IDON_0012,fushi-tarazu,ATGCCACGCCCGTGGATTATCGGC,CGTAAACCCATGGCCAGCGCTCGG,AAATAGAATGTGCCGGCATAACCGGTCAAGTCGCCGACGGTGCACGCCGAATCTAATCCCGCTCCAGGTAGCATGTTCGATTACTGATCTCCGAACTCTCTTGCTCCGTATAATGGCAGGCTACTACGGAACCTATAAACGCCAGAAGTCGGGTGTATGTTTCGACACAATTAATGTGTGTTCTTCTACTCGGCTAACAGCGGCATTGCTTGCGTGATCTACGCTCCATGATCCCCAATCCCGGAATCCTACCTACGGAACGCGCTTTCGGCGCAGTGATATTGGAATTTAGTTTAATGCGTTTAATTATGCGCTGGCGTCAACGTACTATTCCCACACGCAGGCGGGACCTCAGACAGCGTGCTTTTGTTATATTAAGACTTAGCCACACATGAGTGAC,415,reverse,yes,4,1,2,13,5,2
IDON_0013,giant,ATGCCTGGCAATACTATAAGCGCT,CGTAACCGTTAAGGTCTCGCCGCA,ACAAACAATAATATCAGAGTCAATAAGATGCGCCGACTACAGAGGGAATTAAATAGGGACAGAGTATCTTTAAACGCAACACTTCTTCTTCTTAGTGTTTAACCGACGCTGTATGATGTCTACGCTAGCTTGCGATCTGATAGTGTTAGAACCTCCCCCAGTTTAAAGCTTTATCCTATATGTTACCGTATTCGCGCATATTTTGCAAACGAGATATGGCGACACCCCGACGTGCCATTCGGCGGGAACCACTCTATCAATCTATCATTCGAAAAGGGCTGTTGTCAAGTAAAACCTCTATCTGTTCATTGACAACCTCACAACCCCCTAGACTGAATAACAAAGCAAGGAGGAAGAAAAGCTTAACAGTTCCCACCCATGTGTGCTTACCTTCTGACGA,340,forward,yes,0,1,6,12,6,4
IDON_0014,hunchback,ATGCCCGTGTACTATGCGGCAAGA,CGTAGTCCACATCACGTTTGGCGC,CCTGTTCGCGTAGGCAACGACCAGCGGCTGTATACATACCTGCCCACAGGTGGGACATTTTGGACTGGCTTCCTGGGTCGTTGTCTATTTAGACGAGGCTGTTGCATCATTTTCAGGTCACGGAGTTTATTACGTAGTGAAAACCTCGGATCTGACTGACTATCATGCTCACAGCTGTCGAGAGGTGACGCAACACTTAAAATAAGTTGGGAGCCAGAAGAATACGTCAGTGTAGTAGCGCCTATTACGGCTGGAGACGATTTAGCAGAGTCGTTAAGTATTACAAAATGCCGGTTGATCTGGATAAGCCCGGCATACGCCAGACGGGTCTAAGTGCCACAGGCGCCCGATAACACCCAGTTCCGAGAGGCACACGCGTCATGCCATGAGCTGGATACGG,385,reverse,yes,3,1,14,49,8,0
IDON_0015,white,ATGCGTGAGTGAAATTTGTAGATG,CGTAGTGATTTTGCACGGTGTTTG,CGACTTCGTCCGCGGAAGTACATGTATGCTATGTGAGCGCGGGGCGAATATAAAATTCATACCGACTCTCGATCCAAACAGGTATATCCAACATATAGGCGGACACCTTCAGCCGACAATACAGTCCCTTTATGAAAGATACTTGGGCGAAATCAACCGCTAGTGATTGATCGCAATCGCCCATCAAGCCACACTACAACCGCCAAATTATACCTTCAATGGGTGCGTTCACCTACGCATGTCCCTGACCACTAACGAGGGGAATGGCCGAAATAATCTTTCAGGAGATCCACTTGTCACCCCAAATAGCAAACTGAAAGTCGGAGCGGCTTGTAACCCTGTATAAGATGATCATACTGCACACTCCTGTGGGGCCTATGCGAACTTCCCGACTAATGCT,532,reverse,no,3,1,16,23,4,0
IDON_0016,yellow,ATGCCCGGCTTACTGCCCGAAATG,CGTACCTTTGCGCTCACTTATGGA,TGGGCGTCGCCCACTGAAGCGAATGGGTATCTTCATTAGTCTCCTGGTGATATTGGCCCCTTGACAGCAAACAATTATGAGAATGTTAATAATAGGTATGCATTGGTCTCATGATACATTAACATTCTCCGTAACACGCACTCATGTTAGACAACGCCGGTCCCGGACGAGGAGCATCCCTCGATTGCGCGTAATTCTCACCCTTTCAGACCCCAGTGAATACATAATAGGGCGATTGGTGTTAAAATTTTCCTAGCAGGAGTATGAGTGTTGATTTTAACGCTAGAGCGGTGGTAGAGTTCCCGGGTTTTTACCTCAATTAAGCCTGGCCCTTTTACTCGATACAGCGCATGCTACTCATTTCCACCTGGCGCACTAATACGAGTGGGTAAGATAACCA,263,forward,yes,1,1,17,32,1,0
IDON_0017,Notch,ATGCGTCCTCGTAGACTGGCCGCC,CGTAAGCGACGTCGCTGGCTACTA,CGTATGGATCACCAGGTTTATGGAGACTTTGAGATCACAAGGGGCAAGTTTTCTTAGAGAGACCAACTCACTAGCCTATAGGGAACCCAGGGAATTAAGGACTGACTAGCGTATTCTTGACACCTGCCTTTTACTATTTGCTCATGCATTATTTGGCTAGGGGCACACTAGACATCGCATCACCCCAGCATTTCGCCTAATCGTGAGGTGTGTGACTAAGACTGTACTCGAGGATTCAAACAGGATGTCCTAGTTTACGTGCCCCGTGTTAGTAGTTGCACGTACTGTTTACGGATAGCTTAGCAGTCCGGCCCCGGTCCCGTAGCACTAGCTGGTGTCTATGGGCAAGTGCCTTCCAAGTAAGTGCGGTGGACTTCATATGGCTTACGACACAACGACT,207,reverse,no,2,1,13,32,8,3
IDON_0018,Delta,ATGCAAAAACCAAACATGGTTAAA,CGTACTCCCGGCGGCAGATGGCAG,AGTCGCCCAGCGCAGGTACCGGAACTTAAGCTAAAAGATGATACGGGTCCTCCCTACTGTGTCACGTATTCACGCCCTGGTGAAACCGCAACAAGCCCGATCGAGGATCACTGTCCCGTGTTAGAGACTGAGGATTACCGCTTCACATTAGGTGGAAGGGAGAGGGCGTTAGACTTTATGATTCTACTACTTGTTTTACAGGTCGGTATGTGACATAGGATTTGCATTCCTATGTACCCACGTTCCCACCGAGCATCGAAAAACCCTTACTGTGCCGATATACTCAATTAACGGGAAAGGCACTCGGGCATGGGGGTGACTGCCTTGTCCCGGAGTTCCCACGAGCAACAGTAAAGCCATAGACTCTCGATATCGTCCCATCGTTGTTGTGCCTAACCCC,582,reverse,yes,3,1,7,13,2,3
IDON_0019,wingless,ATGCTCAGACATGATATTAACACG,CGTATTCCTAGTCGCACGGTGTCT,GATGAGGTATGCCACTTCATGGCGTAGATTAGCGACTCTGTGAAGTAATGAACGGTTTCCGTGTATACCACCCGAGATTTTTCTACATTGCTTACCCAAGAATGTGGTGGGATGCGGAACTATATAAGAAAGATCCAGCACAGTCAATAGTAAGTCTGGCCTGATCGCAAGCACCGGGATGTTTGGTCTATTGGTCCTAATGATTGGTCTCCGGGGGGTTGCTCCTGTAGACTATGGGAGTAGGCGTTCGGGGAAGAGGATGTGTACGTCCAGAAGAGATGTCGTGCGAAATACGGCTGGCTGGTCCTCTAGAATGGGTGTACGCCCCTAGACGTATACGGTGTGTGAAGGTGCCTTGCGCGCGGTCGTAAGTATCCCTTTCGTGTTCCCGCAGTTACGA,584,reverse,yes,2,1,12,18,3,2
IDON_0020,hedgehog,ATGCGGGCGGACTGCACCAGTAGG,CGTAAAGATCCATTAAGGCGACCA,TTAGTAGTTTTCTATCTTCTCTGCGAGGTCCGTAGGGACCGAGCCGACCCCGCATGAATTACCTACCGCAGCTGCCCACGCTGTAAGTCATAGTTCGGCTCTGTTCAATGAGCACACGTCGTGTGGTTGTTAGTCGAGGTGACAGAATTCGAGCAGATACCAAAACACGTGATATAGGTAGACACCACGAAGTAGTGAGCGCTGCACAAACCGAGAAATTCGGATCTAACCGGCGCCCACACCGCCGAATACAGCGTTATGCGAACCTTTAAATTGCTTCAACCTTTGTTATTTTAGGGACGATGGTCCATTGGTATCCACCTTGATTTCTCCCGTGTCTGAGAGCGTCATACGCGGTCGATAAACGCAAACCTTTGCGCGGGTCCCCGATGGCATGGCC,358,forward,no,0,1,15,23,4,6
IDON_0021,engrailed,ATGCGCAGAACAGGTGACCCCCCG,CGTATCGGGAACATTGGGGTCTGC,GTTGTGCGCAATTGGCCAATGGGCTAGCCGGTCCCACCGTCTCGGTCAGGCTACCTCAAACATTAACCTGATTTCTTCGTCTTAACGCAGCCCTCCCCATACCTCAACTGAATACTACTCGGAAACCTTGTTAACCGCTACCACAGATAGCAGGACAATCCCACTTTCAGCCCCTTTCGCATGGGTTTTCTCGATCTGACCACAGTCAACAGGATCGTCTTTTTCACTGATATGTGAGAAACGGGTAATATAAACGCTGTTCTTAAGGGCAGGCCAGGATGCAACTCCGCCACTTCGATTGCTACACCTTCCCGTCAGGTCCGAAGCCCTGGAGAACTGGGAGCATGTATATTGGTGCAGAGTGGCATCGGTAAAGTGCAAATAGAAAGGATGCTGACCA,627,reverse,yes,0,2,15,47,7,2
IDON_0022,Act5C,ATGCGCGGGCTGGCAAGTGTAAGG,CGTAATGATCACGCCAGTCCTACA,CATTCCGGGGAAACAACAAGGAGCCACTACAGCTTCGGAGAGTTTTGTGATCACGCGCCAACGAAGGCCCGATGTTCGAGTAACTGACCCACGCGACTGCTCTCTCTGATGGAGGGGCTCGTCAACCAGTAATCGTGATTGTTGGAGCTATCTTGCGCATTCTGCAAGATTGCGTCCTACTGGGCACTGACGGGTTGGCAACCACACAACTGCAGGCGTGAAGCAACGGAATAGTTAGCATCACCCTTGCTGACTTGGGCGTTGAGATCCTGTGGCGTTCACGACACTCGACTCAGTACTAGCATAATCTATGACTACTCCGAACCTGGATTATCACAACATTTCATCTGAGTACACACTGTGTCAGGTCTTAAAGGCACACCACGTTAATAGGGAAATA,517,forward,no,1,1,13,5,6,6
IDON_0023,tub,ATGCGGCGGGGGCTGCTGACTCTA,CGTATAAACAGCTCCTTCATATGC,ATGCTAAATGATCGGCGAACAGACGTTTATGAAAGGTCAACAGCTAGGTGAACGGCAGCTAAGAACGACTGTTCCGGCGGGACTACGCTGGTTTGGGATGTTTTCGGCGCTACGGCAATCCAAGTGGTCGTGAATCTAGTAATATTGCGCACCATGGGTTACGGCAAAATGCGAGTGCACCAACGTCACAGGTGGTTAAGTTTGCTGGCCCCTACATCTAGGTTCTCCTCTGCCCTCACACTATTGCCGCCGAACAGACTCACTCCTGGTGCCCTATTCGGCTTTCACCCCTACACTTGACACTGTTGCGAAAACTTAACTTCACATAAATTGGTAGGACACATGGCTGCGTACTAACTCGCAACGGTAGGTTAGCCATGGGAACATACGTTTAGCGCTA,204,reverse,yes,3,2,5,25,0,0
IDON_0024,Rpl32,ATGCAAGACTTTCATTGCAATTCT,CGTAGTGCTGGGTTACTGGTATGG,AGTTTCCCCAGGGGGATGCCAAGGATCGAGATTAGTTTGAAATCCCGCGACACAGACTTATTATCGCCGTTTGCTCATTAACCACGTGGTGGTTGGATACGCTAAATACTATGATTCTGGATTAATGCAGTTCCTTGTATGGCGGTATGGGAACCACATCGAATTCTTAACTGCAGTAGGCTGAATGGTGTGAAAGCCAGTCTTAGTCAGAGTCCATGTTTAGCAAGAGAGTTGCTATCATTACCGCAAATGGCTGCAAATTCCGCAACTTTGGTTCTTTATATCGCAACCTGTTCGCAGCGTAATTCGACCAAGGACTCCACATCTTCCGCTAGTCGGCGGGATAAAGGAAATCGAGCTCCGTCGTTAGAGTCCACACTTGTCCTTGGTTTCGCTGGTG,368,forward,yes,0,1,11,42,3,2
IDON_0025,even-skipped,ATGCTATATAAACGGGCACGCGCC,CGTAGCTCAGTGGCAACTCTGCGA,AAGACCAGCAAGAAAATGCGGGCTACGACCGCTGGCTCACGTGGAACGGAGGGTAAGAGCCCTAGTAAACCACGTTGGGACGCGGTGTTAACTTAATGTCCGTCCAGTAGCTAATACTGCCCTAGGTTGGTTCCACTCGTCACGTGAGTCACTACATACGAAGCGCGGAGTGGGGTATATGCTCGCTGTCTTTATACCAAGTTGATGTGACGCATGGAGAATTATTAACGAACCCATTTATGATTTTGCAAGACTTGAGTAGCGGAACCTCGCCAATTAAACCTGTCTTTCAACTCCGTAATAAGAGCTCACTCAGGGGCTACGCATGACGTGATAGACGCTGCATGTGGTGGGGGCTCAGAATATCAAAACTCTTAATGCAGATTTACTCTCTACTGGT,560,forward,yes,3,2,5,30,7,2
IDON_0026,fushi-tarazu,ATGCCGATTGTGTCGCGCAATTAA,CGTATAACTATGTGTTCTCGAAAG,TGACATTATTAGCCACGTAACTGTAAGCGAATAGCCGGTTCCAAATTGTAGGGCCAGTGAAGTGCCTCAACGATCCGGCCCCGGTATCTAGAACCTCGTACTCAGAGAGGAGAGCACCGCGTTAACATCGGAGCGGTTTTATTGATACCGTACCTCTATGTACAAAGACACACTACTAAACAAGACCACTGCCAGCAATTATGGCGAGCATGTATCCAATCCAGCAGATCGTAGACCTGAACCCCCGATCCCCTGCCTGGGTCAGTACACTATAGTACCAATGATTAGCTAGCCGAAGTAACGTTGCACTGTCGTCCACTCGTTCGATGCCGGCTATCCGGTTAAGGTGTACAGCTCGTTCGGCCCTCAGGCGACGACCCATGACGAGGCTTTCTCTTAA,499,forward,yes,4,2,7,49,0,2
IDON_0027,giant,ATGCAGATAAACCTTATGTTGCTG,CGTAGAGCCCACAGTTTTATGATG,CAATGTTCCCTGATAGTTCGAGTGGGATAGTGGCCGCATTATAGAGTAGATGCCAAGTTCCGTGCCGGCTTCCTAGACACACCAGTGGGTTTAATTGCAGACCATTGTGTTAATCCCCATGAATTGACTCGACAACATGGTCGCATTGATGCCATGATTAACGACGGAATGCGTATGCTGAGAAATTATCACTCCTCACAATCTATATACGTCGGCGCTCTTATACTATTGGTAGCCGATTTGAGGCGATTGTCTTCCTTTATCGTGTTGGTTTCTTTAGGCCCTTTGCATGCGAGCTCCCATTATACTCCGCGGTGACAATGTTAAGCTTAATTTTCGGACTACCTATACCCTTACTGGGACGGATGAAGTCCCTTCGTTGACGCGGCACTCGTAATGG,213,forward,yes,1,1,12,17,7,5
IDON_0028,hunchback,ATGCTAGTAGGAATGTCTGTCTCT,CGTACGCCTTGTATTCGGTCGGGT,ATTCGGCCGAATCACTTGGGGGAATATGGTGCCTGGACCTACGCCGGGGAGGCATGTTCCCCGAGAGTCGGTAAAACAACGCCTTCAAACCGGAGAGAGATCTAATCGTGCGCTTTGTAAGGAAAAACCCCGTGGAGCCTTTTTGCAATATATGGCCACGATGGGGTGGGATGGAGACGACCAAAAAATCCTGACGGACTAACGAGTGGTTTAAAGACCGAATCCCCGGCCGTGTGGCAGCCAACTATGGGTGGAGGTTGTTCTCGATTCACTAGCGTCAGCCCATGCCTGCACATAGCTCGTCGAAGGGTCCCGCAGACTGTGTGTTCAATATATTGGTGAAACAAGGGACAATGGGCTATGCGGGTAGTTACAACGCCTAGTTAGAATCTCGGCACCT,439,forward,yes,0,1,7,22,5,4
IDON_0029,white,ATGCGAAAAGCTAGTCCTAGTCAC,CGTAACAGACCTTCCTACCCGACC,AGTGGCTCGAACATAAACGGGAGCCCTGATGCCATCCCACTCTGCTCCTCCTTATGACGGAAAATTTCACGAGGAGATAATTGTCGGATAAGCATACCTATATCTCTGCAGGCTAAAGATTGTCGAATAGGTCCTTTATAGGGTACTACCTTCTCCCAGGCGTGGTCCGTCTGTACATTTTGCCGGATGAGGAGTACAACTTCAGGGCCGTCCCGGTGTACTTCATCGTTGGATTATTCCGACGCCCGCAGATTTTTCCGATCGTGGTCTCTCATGCTACAACCTACTGTATAAAGGTGATATAATAGACACATTTGAATCACGTCTCTTATGCCTGTGGAAGTTCGAGTTGTTACGGCGAACTTACACTTGATAACAGCCGGAGGGGGGCTCGGGAAAA,299,reverse,yes,2,1,6,29,3,6
IDON_0030,yellow,ATGCAACAGGTCTGGTGACTGGAT,CGTATTTGAACGACTAGCGTAACT,GTCGCGCTGTCACTTTCCGACGGTCCTTGCGTATGTATGACTAGCGAGTAAACTGTACACCTACTGTGAGATGATTTCGATCCGAGAAGCCGTGGTCCCGTGCTGTATATTGTTCTGCTAATTCCTCAGTTTGAGCGAACCTTCATAGGTTTACATTAAATCGTGGTAACAAATTCAGTGCTACACCAAGCAGACAAGAAAGTGATTCACTTAGTACGAAAGGGCAAAATCTCTTGGTGCTATACACGAAGCCCTTTTATGCCACTAGCAATTTGTGATGATTACCAATTAAAAAGCAGTGTCCAGGAGGAACGGTAACTCCACAACCTATTATATCAAGGCAGCTGATAACACAACCACTCATAGGTAGGCAGCTATTTATCGCTCGCTATGGTCGTTT,428,forward,no,3,1,13,14,5,3
IDON_0031,Notch,ATGCCTCTCTGTCGGCCCTCGGCC,CGTACTGGGTCGGCGAATCTAAGC,GCAATGTATACCAAAGGTTATGACGGCCTGGATCTAATCAACATTTAGCGTCGATCTCGACCTCTGAGATCTGTTTCCTTCACCCCCCTGCGCTGCAAGCTGAAACCGCCTGGACAAGTGAGAATTAATAGTCACCCGCATGACGCTGTGAAAAGGGTGACCGCGTGACAGCTTATAGCGGATCCATCCGCACGCCCTAATACGCACCGGGAGAGCGATGAGAATGAAGCCCAGCAATGCTCGACACGGTGTGATTCTTGGTAGTCGGGACTGATAACTCCTTGTTTCTGCCAGTAATTCTTGGAATCAGTAAACTAGCGATATATGTTATCCGTACAGTACAGCACCAGCGAATGTGGCAGTACGCATACCTACCCCGGCGTGAAGCTTACGGCAGTCC,771,reverse,yes,3,1,19,3,4,7
IDON_0032,Delta,ATGCTCTAGACGGGCATAAGGATT,CGTATTAGGCTACAGCACTTGCTC,TTTCAATGAGGGGTTCAACACGGAATTAAGATCAGTATAAAGACGCCCGACGCAAGCAGGATTAATTCCGTAATACTCATGGCGGATAATCAGACGAGCCTACACATACAAGCAATCCCGCAATGTAGAAATACACTTAGTACCAGAAGACCTACAGCTATCAGGATAATAGACCGGTCGATCTTCCAGGTTTACCGTCTGGGACCCAACCCCCAAAACACTGACCCAGCGCCAGGCTTTAAGCCACGAATTGGTCTACAGCTTCTAGGACCGTCATGAAACGAATTCGATTTACATCGCTGCAAATAACGTACTTATGGTATCGGTACATGGTGTGTGTCTTCAAGAGATTACCTACCCCCGGCATTGCTAAGTGCCGTACGAGTGGCACTGTTCTCGC,562,forward,no,2,1,12,46,3,0
IDON_0033,wingless,ATGCGATACATACATACTGAGGCC,CGTAGAATGGCTCACCTAACGGGC,AGTTAACTCGTAGCCAATTCCACCCTGTCGCCTCATGTAGACATACTTCTCATCCGGTCGTTAAGCTTAAAGCTTTCAACTTCATGAGAGTGCAGGGCCTCGGATTCAACCAACACCGGGCTATTTGATGTAATAATCAAAGCGCTCTAGGATTTGTGAGGTCGAACGGCTATCAACATGCCACTCGCCCGAGCTTCACTAGCCGACGTACTCACACGTACGTCAAGGCACGAACCATCTGTCCCGTCAACCCCTCCGCGTGGCACTGCAAGGGGTTCCATCACCACAGATACCGTCACGCTCGGCGCATAGCCCACAGATGTGACCAATTAAATACCCGCCGGAGCCTGATTGTTTGAGGCTCCGGGCATACTACGCACCTTGGCCATTCAATGAAACC,630,reverse,no,1,1,13,22,2,2
IDON_0034,hedgehog,ATGCATTTAGACTGCATTTGGTTG,CGTATTGCAGCGCAACGATCGTCG,CGGGTGGTATCCTTAGACCTCTGACATCACTTTTCCGCAGGGAATAGGTATGATAACTCCTTGTAGTGAAAAAACGGAACTCCCTTCTGGGAGGTATCAGTACGGAGGCCCGCTGCCAACAGATTATCGCTTCTCTACTACGAGCGTGGAACCTCCAGGGCTACTATCCACTCTTTCTTCTTTGTAGACCAACCAAATTGATTACCATAATGCGAAAATTAGTTCGAGGCCCATCAAGTGGGCCCTTTAAAATTTTGCTTAATCTACGTCTAGCGTAAGGGTTCGTGGCACCCTCGTGCCGCTACATCGTACTAATTGCCAAGCCCGCCGGAGGTATACGCTGTTCTCCAAGTCAAAGGTCTATTCCACACGACCACTGCCTATAGGACAATATTATACG,468,forward,yes,1,2,6,23,6,3
IDON_0035,engrailed,ATGCCCGCCTATCGGCTCAATCGA,CGTACCCTTATGGCCAGTGGCTTT,TTTAGATGCATCATCTTGTACGCGGAAAGTGAGCGCGTGGGGCCCTACCCTACGCAGACAGGACTAGTGAAAGGTTTCCCTATTGGAAAGTGCTGAGGGGTGGCGGTGCGAGCCTTCAAAGACTCAGCTACAACTGAATTCAAAAGTTAGCACGAGACATCAAGTGCTGCGAAATGCCTATACGATGCGAGCGAACGGTGATAGGAGACGGGCCCGATCGTGCTTTCATGAGAGCTCGTAGCCTAAGCGTGGTAGGTTCGTAGCATCAGTGCCTGAAATGTCCATATAAATGTCTCATGTTGAACGCGGGAATGCACTGCCCGTTCCTATGCTACCATTACAACGGTTCATCCGCTAGTTAAGCCCATTAGCAGATAGTCACTTATAAGTCTGGTCGGGT,488,forward,yes,4,1,4,9,1,3
IDON_0036,Act5C,ATGCCTCGTACCCGTGATCGAGCT,CGTAATGCGGATGAGGTATGGGAC,CTCGACGTGTTGCTATCGTTGAGGACTGGGGCTCCAGCGAGCTCGTCATAAGTGCAGCCGTTACGTGGGGGCTTGTTTGCCACCCCATGAAATCCACATGGAGAACGTAATCGGTGGGCGGTCCCAGGGGTCAACTTCTAGTATACGAGACCGTTAACTATCGATGATCATCCTGAGCCAGAGTAGATCATCAGCGAGATAGTAGTTTTACGTCTAATTGTACGCTACGGTGCGTCCAGGAGCAACTGGCCCGGTCGCACATGTGGGGTCTTTCGCCCAGTCCGGCGAAGTTTAAATGTAGGGGCGTGTAGGCCTAAGTTTACGCCCTAACTTGAGCGGCTTTTATTTCAACTCCCACAATAGTTACAGTCATCCTGTTGGCAACCGCACCAGGCTATTC,238,reverse,no,0,1,9,29,4,3
IDON_0037,tub,ATGCCTTTGGTTATAGTTTGAGTG,CGTAAACACTCAGTGATTCGCCGT,TTGTACTGACGGTTCTTCCTATTTTCCTGGCGCAGGAGAGCATGTATTCCCCCTCTTCCTGGAGCGAATCTGCTCGCAGCCATACAGAGCAGTCTCGGACTCGTCCTTTCAGGAGGCACGATTGTTACCCCGTGAATACAGGACGATGTTGTTCCTCGCTTTTGTTGCGCACTAATGATTCGTCAAGCCGCCACTATGAAAGGTCACTGTGGGGACGATTCTTGATTAGTAGAGAACGACACCGGCCACAACACTCCAGCCGCGACGCGAGACTCTTACGCTCAGGGAACTTAGTTACCCGATGCGATCTTTGTGAAACTTGGCCCGGGGGGAATTCAACTGACTACGTACTCGCGCCTGGAAAGTGCAGTAATGAGGTATCACGAAGCTATCGGCCAAG,412,reverse,yes,2,1,17,28,0,5
IDON_0038,Rpl32,ATGCCGACGTAACAGCCCAACTAA,CGTAATGTTCGACTCCAGGTACTT,AGGCCCGGGGACGCACGCAAACCGAGCGTAATGAAAGGAACGTTCGTTGGCCATGCTTGGCGGCCTTCAGTGAAGCTAACGTAAACTCCTAAGCTGAGGCGCCAATCGCGGGTGTGGGGGCTAGTTTTTAGACCTCATATCTATTGGGATCAATGAGGTTAAACGCCCGAGAGACGGTCGTACGGAAATAGAAGTAACCACACCCTTTGACTTACATTGTGTGTGCCCTGGGGGTACTAGTGCCATTGATAACGGATGGTAACTGCCCACTCCCCGTCATGAGTAGATAGTCCGACGCTCGCGCCCAACGCCGGGATATCGGCTATCGTGTAAGGAATCTCCGGAGAGCCAATTCCGACTTCTGTAACCCCGGAAAATGGCTCGCATTACAATGTAGCGT,363,reverse,yes,4,2,14,13,2,1
IDON_0039,even-skipped,ATGCATACGCTTTATTGTGCTCAT,CGTACGACGGATCGGGGTTAGCAC,ATTTTAACTCGCGGCCGGCGATCTGGAGCAGAGCGGAAATTCGAACAGTGCCTCGTATAAGAATACATTCAGATGCGCTGTCACTCAGCATTGGAGCCCACTCTTGAAGCTTTAATGGCATCGGAAAACGTTTGGGGGCGTAGGCTAGTCGGTAATTTCACAAACCGAGGCAGGCGATAAGACAACACTCAATACTGATACAATATATGAATCTTCGACGGGGTTTCGATGCTTTTAGATAGCAACGCATACTGAGAGGCTGTTAGCGCACTATGGCAACACAATACTGATGACTAGCACACGGCTGGGTCCACAACTGGTACCTACCCACGGTGCGATTCCGAAAACCTCAACCACAGCCGATCGGGCTTAGGAGTACCCTTCCATGGCCAGGAACCGT,528,reverse,yes,3,1,16,7,3,5
IDON_0040,fushi-tarazu,ATGCCTTACGTCGTGACCAAAGGG,CGTATACAGAACGAGAGTGTTCGC,ATCCGCAGCGGGGAAACGGGATATAATTCATCTCTGGCACGCGGTCTGTCTTGTACTCCGACAACGTTTCGGGCTTGGTTGCGACCGTACGGGATCATAGCCGTGATTTGCCCAACACAGGGCCGTATAAGTCTAAATCGACGGCTACTATCCACTCCTTAAGGTATAAAAGTAGACTCTGGGCCTGAATCATCGATTTCATAAAGACAAGGACTGTACCACTTTCAGCAATCCACGGTATGGCGCACTGATCACAGGCGTCACAGGGGGTTGGTCCATAAAGGCCGACCCCCTCAAAACCCAGGCCTCGAGCTGAGCTCGTGGTGATTTTATTCCTTGCGGGAGGAGCTGACCTTGAAAAGATATCAACAGGCACATTTCTGAGTACATGTTAAAAGCA,729,reverse,yes,4,1,16,33,1,1
IDON_0041,giant,ATGCAGGATGATCATGGCCCAGGA,CGTAAGCAAATGCAGGCCATTTCG,TGCGTATTCAAGTGCCCCGAACTTGTTTCAAACCATCAGCTAATGAGTACAGGAAATGGGCTCCCGATCCTGATGAAAGTGTTTACGCTACGGGGCCACATCGTTAGCGTCCTATCAGACTGCTCGTCCGCGATGACCCAACGCCCTGGGGTAGTTGCCGTTAGAAATCCACCAGAGTTTCTGGTGCCTTCTTGTGAATCGAATCGCTAACCTGGACCACTAGCGGTATAATTGACCTCGATTAGGGTACACCATAACAACGGAGTCTACCACCAGGTAAGTGATAGAATCACTTTGAGCGCAACCTGAATGGACGCATCCTGATTGGTCCACCGCGGAGGCCGGCGTTAACACGAGGAACTGTGGCGGTCAGAGTACGCGATGACATTGCCAAGGGCAG,650,forward,no,3,1,14,35,8,5
IDON_0042,hunchback,ATGCATTGTATCGTTGCAGGCCAG,CGTACCCGATGGTACGATCTTCCA,CTCGGCTTAACCGAGCGTTAGGGACGCATCGACATTGGTGAAGACTGCGCACGATGTGGTCGGGATCCCATGGTCTACTACAACTCGCGACAGTCATCGTAGAGTGTCCAATCGGTATATCCCTCACTCTAAGATTATGGAAATGACGCCTCGGAGGACGATCCTGCGACTTGCTAGGACCGGGAAACGGAGTGTGTGTGTACTGATTACCGGAAAGGCCGATCTTAGGACCAATATCCACTAGGCTTGCCTCGGGTATGCGTCCGAATTTAGATATGTAAGCCAGCCGGATCAGACTGTCAAGTCCTCGTCGTCACTGCCGTCAGGGGTGGGTAGAGAACATTAGGCACATCACCCCTGATACACTTTACGTATGTGCTAGTGAATTGCTCGAATTTTC,319,reverse,no,2,1,13,29,6,3
